{"_timestamp":1.739896749772431e+09,"_runtime":38.167438958,"_wandb":{"runtime":39},"_step":32,"Batch Loss":0.32035407423973083,"Learning Rate":0.0001,"Epoch":0}