{"Batch Loss":0.19775798916816711,"Learning Rate":0.0001,"Epoch":0,"_timestamp":1.7399081128515923e+09,"_runtime":3.124454005,"_step":5,"_wandb":{"runtime":3}}