{"Batch Loss":0.2000952959060669,"Learning Rate":0.0001,"Epoch":0,"_timestamp":1.7399079038910756e+09,"_runtime":4.822356005,"_wandb":{"runtime":4},"_step":9}