{"Batch Loss":0.006669111084192991,"Learning Rate":0.0001,"Epoch":0,"_timestamp":1.7398966967388885e+09,"_wandb":{"runtime":23},"_runtime":23.788949553,"_step":1500}