{"_timestamp":1.7398964576285377e+09,"_wandb":{"runtime":5},"_runtime":5.58837892,"_step":266,"Batch Loss":0.054761793464422226,"Learning Rate":0.0001,"Epoch":0}