epoch,lr,step,train_loss
0,9.999999747378752e-05,49,0.010233462788164616
