{"_wandb":{"runtime":3},"Batch Loss":0.2249586582183838,"Learning Rate":0.0001,"Epoch":0,"_timestamp":1.7399080881945262e+09,"_runtime":3.794643631,"_step":7}