{"Training Loss Curve":{"path":"media/images/Training Loss Curve_18700_ae14f4920d57911cfcae.jpg","format":"jpg","width":640,"height":480,"_type":"image-file","sha256":"ae14f4920d57911cfcae29610869e102a93e75b0a929df2dd35cf02a58be00aa","size":17250},"_wandb":{"runtime":7542},"Batch Loss":0.00309929926879704,"Learning Rate":9.999999377012851e-05,"Epoch":9,"_timestamp":1.7399043222776535e+09,"_runtime":7542.793290272,"_step":18700}