{"_timestamp":1.7399078815028627e+09,"_runtime":6.171522751,"_step":13,"Batch Loss":0.18606415390968323,"Learning Rate":0.0001,"_wandb":{"runtime":6},"Epoch":0}