epoch,lr,step,train_loss
0,9.999999747378752e-05,49,0.0754045769572258
0,9.999999747378752e-05,99,0.05972092226147652
0,9.999999747378752e-05,149,0.0636839047074318
0,9.999999747378752e-05,199,0.1637701541185379
