{"_runtime":150.170802361,"_wandb":{"runtime":150},"_step":381,"Batch Loss":0.017011970281600952,"Learning Rate":0.0001,"Epoch":0,"_timestamp":1.7399080623089488e+09}