epoch,lr,step,train_loss
0,9.999999747378752e-05,49,0.010523184202611446
0,9.999999747378752e-05,99,0.008487717248499393
